Wall time,Step,Value
1725996356.86791,0,0.2707599997520447
1725996356.86791,31910,0.2707599997520447
1726015315.1236253,63820,0.2764100134372711
1726034382.1986597,95730,0.29892998933792114
1726067001.0472982,127640,0.295879989862442
1726086081.959495,159550,0.2539899945259094
1726108751.1430943,191460,0.23903000354766846
1726127504.4347649,223370,0.24443000555038452
1726146196.3116038,255280,0.24377000331878662
