Wall time,Step,Value
1726180468.23327,0,0.3775128722190857
1726180468.23327,3000,0.3775128722190857
1726180652.202734,5500,0.33599767088890076
1726180839.967659,8000,0.3864215016365051
1726181023.7454565,10500,0.37167954444885254
1726181211.1064208,13000,0.4420667290687561
1726181396.0167692,15500,0.4000680148601532
1726181584.5957673,18000,0.4364738464355469
1726181770.75168,20500,0.4423593282699585
