Wall time,Step,Value
1726180468.23327,0,0.8169999718666077
1726180468.23327,3000,0.8169999718666077
1726180652.202734,5500,0.796999990940094
1726180839.967659,8000,0.8159999847412109
1726181023.7454565,10500,0.8119999766349792
1726181211.1064208,13000,0.6940000057220459
1726181396.0167692,15500,0.7979999780654907
1726181584.5957673,18000,0.7760000228881836
1726181770.75168,20500,0.7990000247955322
