Wall time,Step,Value
1726180468.23327,0,0.9430000185966492
1726180468.23327,3000,0.9430000185966492
1726180652.202734,5500,0.9340000152587891
1726180839.967659,8000,0.9419999718666077
1726181023.7454565,10500,0.9409999847412109
1726181211.1064208,13000,0.8690000176429749
1726181396.0167692,15500,0.9380000233650208
1726181584.5957673,18000,0.9139999747276306
1726181770.75168,20500,0.9279999732971191
